{"accuracy": 0.5068027210884354, "spearman": 0.36371080113147913}